City_ID,City,Lat,Lng,Max Temp,Humidity,Cloudiness,Wind Speed,Country,Date
0,port mathurin,-19.6833,63.4167,300.2,76,5,8.08,MU,1710073619
1,west island,-12.1568,96.8225,301.14,94,100,12.86,CC,1710073619
2,sakakah,29.9697,40.2064,298.91,14,44,2.01,SA,1710073619
3,gassol,8.5333,10.4667,315.0,22,55,1.46,NG,1710073619
4,lompoc,34.6391,-120.4579,283.16,86,100,2.06,US,1710073619
5,rongelap,11.1635,166.8941,299.93,75,85,10.34,MH,1710073619
6,bengkulu,-3.8004,102.2655,299.48,86,96,3.65,ID,1710073619
7,wenling,28.3669,121.36,282.21,81,6,0.58,CN,1710073619
8,grytviken,-54.2811,-36.5092,279.31,97,100,2.49,GS,1710073619
9,wailua homesteads,22.0669,-159.378,294.12,78,20,9.26,US,1710073619
10,puerto natales,-51.7236,-72.4875,281.4,66,75,8.75,CL,1710073620
11,port-aux-francais,-49.35,70.2167,280.42,82,17,12.0,TF,1710073620
12,thompson,55.7435,-97.8558,266.24,68,75,1.54,CA,1710073620
13,ushuaia,-54.8,-68.3,279.96,87,75,9.77,AR,1710073620
14,jamestown,42.097,-79.2353,272.95,97,100,5.66,US,1710073438
15,roma,43.2128,-75.4557,276.33,98,100,1.34,US,1710073620
16,bandarbeyla,9.4942,50.8122,301.77,62,37,4.91,SO,1710073620
17,edinburgh of the seven seas,-37.0676,-12.3116,290.15,71,7,8.52,SH,1710073620
18,ilulissat,69.2167,-51.1,255.16,85,20,4.63,GL,1710073620
19,buka,40.8108,69.1986,284.62,76,99,0.84,UZ,1710073620
20,pont rouge,48.8833,-72.0825,273.31,97,100,5.13,CA,1710073620
21,wanning,18.8003,110.3967,296.0,91,57,2.91,CN,1710073620
22,bethel,41.3712,-73.414,279.32,86,100,2.06,US,1710073620
23,bredasdorp,-34.5322,20.0403,299.51,42,0,4.24,ZA,1710073621
24,adamstown,-25.066,-130.1015,296.92,72,52,2.57,PN,1710073621
25,north bend,43.4065,-124.2243,280.88,93,100,4.63,US,1710073385
26,hawaiian paradise park,19.5933,-154.9731,294.75,84,75,0.89,US,1710073621
27,bilibino,68.0546,166.4372,254.6,99,100,0.29,RU,1710073621
28,nova sintra,14.8667,-24.7167,292.56,72,51,8.84,CV,1710073621
29,atafu village,-8.5421,-172.5159,302.41,78,79,7.14,TK,1710073621
30,albany,42.6001,-73.9662,275.66,95,100,0.89,US,1710073591
31,berdigestyakh,62.0989,126.6992,253.86,100,99,1.11,RU,1710073622
32,kaya,13.0917,-1.0844,312.41,6,92,4.64,BF,1710073622
33,saipan,15.1355,145.701,300.54,78,0,5.66,MP,1710073622
34,vorgashor,67.5833,63.95,248.72,98,94,1.81,RU,1710073622
35,aasiaat,68.7098,-52.8699,246.05,100,100,1.83,GL,1710073622
36,keflavik,64.0049,-22.5624,279.1,70,20,5.66,IS,1710073622
37,moramanga,-18.9333,48.2,299.79,52,87,3.04,MG,1710073623
38,longyearbyen,78.2186,15.6401,265.06,86,75,1.54,SJ,1710073623
39,mejit,10.2753,170.8646,299.93,81,85,10.98,MH,1710073623
40,gaigeturi,33.4644,126.3183,280.18,49,0,3.09,KR,1710073624
41,east london,-33.0153,27.9116,298.67,78,0,4.63,ZA,1710073624
42,yellowknife,62.456,-114.3525,270.6,95,100,5.66,CA,1710073624
43,nova xavantina,-14.6667,-52.35,299.54,85,100,1.05,BR,1710073624
44,cockburn town,21.4612,-71.1419,298.38,80,2,7.0,TC,1710073624
45,arraial do cabo,-22.9661,-42.0278,301.13,83,75,1.54,BR,1710073501
46,margaret river,-33.95,115.0667,289.3,73,0,6.79,AU,1710073624
47,saint-pierre,-21.3393,55.4781,301.97,74,14,1.03,RE,1710073624
48,shchigry,51.8755,36.9043,272.05,79,100,4.6,RU,1710073624
49,waitangi,-43.9535,-176.5597,285.83,79,98,4.02,NZ,1710073624
50,thunder bay,48.4001,-89.3168,265.14,67,0,2.57,CA,1710073472
51,bordighera,43.7806,7.6645,286.6,81,100,4.02,IT,1710073624
52,illizi,26.4833,8.4667,304.15,5,0,4.56,DZ,1710073624
53,gettorf,54.4,9.9833,282.62,81,75,10.8,DE,1710073624
54,blackmans bay,-43.0167,147.3167,287.44,94,100,0.45,AU,1710073624
55,chebba,35.2372,11.115,295.21,42,90,3.65,TN,1710073624
56,namibe,-15.1961,12.1522,301.25,73,91,2.4,AO,1710073624
57,janakpur,26.7183,85.9065,299.9,20,13,2.06,NP,1710073625
58,tamanrasset,22.785,5.5228,298.4,8,27,7.67,DZ,1710073625
59,chonchi,-42.6128,-73.8092,286.55,93,71,1.3,CL,1710073625
60,klyuchi,52.2667,79.1667,273.4,80,100,7.54,RU,1710073625
61,ormara,25.2088,64.6357,296.37,67,87,6.55,PK,1710073625
62,belmonte,-15.8631,-38.8828,301.98,72,89,0.97,BR,1710073625
63,el granada,37.5027,-122.4694,285.09,87,75,1.54,US,1710073625
64,murun-kuren,49.6342,100.1625,260.94,83,3,0.39,MN,1710073625
65,villaviciosa,43.4813,-5.4357,285.46,80,94,5.89,ES,1710073625
66,tolanaro,-25.0319,46.9987,302.19,70,20,9.26,MG,1710073625
67,avarua,-21.2078,-159.775,300.18,78,75,3.09,CK,1710073625
68,oranjemund,-28.55,16.4333,294.32,70,8,6.26,NA,1710073626
69,cherokee,34.2668,-84.4499,279.14,75,0,6.17,US,1710073484
70,nova olimpia,-14.7972,-57.2881,301.7,71,53,1.16,BR,1710073626
71,kievka,50.2619,71.5514,271.87,88,99,5.56,KZ,1710073626
72,puerto ayora,-0.7393,-90.3518,297.34,100,16,0.89,EC,1710073626
73,kodiak,57.79,-152.4072,269.88,68,100,3.6,US,1710073626
74,tiksi,71.6872,128.8694,241.5,99,68,1.77,RU,1710073626
75,gudur,14.1333,79.85,303.32,49,6,6.81,IN,1710073626
76,weno,7.4515,151.8468,302.12,79,100,4.12,FM,1710073626
77,nuuk,64.1835,-51.7216,261.49,72,40,8.23,GL,1710073626
78,cochin,9.9399,76.2602,305.38,69,20,4.92,IN,1710073626
79,lebu,-37.6167,-73.65,285.55,77,89,3.27,CL,1710073627
80,slave lake,55.2834,-114.769,276.14,56,75,6.69,CA,1710073627
81,murghob,38.1702,73.9667,267.87,57,97,2.44,TJ,1710073627
82,pavlovsk,50.4578,40.1081,274.23,48,100,3.49,RU,1710073627
83,talnakh,69.4865,88.3972,252.15,99,100,1.51,RU,1710073627
84,nar'yan-mar,67.6713,53.087,254.88,96,84,1.34,RU,1710073627
85,praia da vitoria,38.7333,-27.0667,291.29,68,40,4.29,PT,1710073627
86,berdyaush,55.1619,59.1464,265.5,86,100,2.35,RU,1710073627
87,hamilton,39.1834,-84.5333,274.39,72,0,6.17,US,1710073475
88,omdurman,15.6445,32.4777,312.26,4,2,4.32,SD,1710073627
89,askoy,60.4092,5.226,278.57,38,0,1.54,NO,1710073627
90,fale old settlement,-9.3852,-171.2468,302.25,80,82,7.19,TK,1710073627
91,san pedro pochutla,15.7333,-96.4667,294.35,83,0,1.42,MX,1710073627
92,kerikeri,-35.2268,173.9474,286.3,93,3,0.93,NZ,1710073627
93,la passe,45.5549,-0.8967,285.28,82,93,5.77,FR,1710073627
94,tchintabaraden,15.8969,5.7985,311.95,6,23,5.54,NE,1710073628
95,mokhsogollokh,61.4681,128.9203,257.72,98,100,0.91,RU,1710073628
96,san luis de la loma,17.2706,-100.8939,294.2,80,1,1.89,MX,1710073628
97,kone,-21.0595,164.8658,298.21,80,47,2.54,NC,1710073628
98,baruun-urt,46.6806,113.2792,260.32,90,80,2.11,MN,1710073628
99,korla,41.7597,86.1469,283.59,34,76,1.71,CN,1710073628
100,pacific grove,36.6177,-121.9166,284.5,86,100,1.79,US,1710073628
101,nayagarh,20.1333,85.1,301.72,49,11,4.29,IN,1710073628
102,qaqortoq,60.7167,-46.0333,263.37,87,82,0.82,GL,1710073628
103,mount pearl,47.5166,-52.7813,271.66,90,100,6.69,CA,1710073477
104,mil'kovo,55.6078,37.7956,270.56,77,100,3.22,RU,1710073628
105,ribeira grande,38.5167,-28.7,290.8,77,40,5.81,PT,1710073628
106,chamical,-30.36,-66.314,298.2,82,39,3.11,AR,1710073628
107,tucurui,-3.7661,-49.6725,297.99,97,97,1.31,BR,1710073330
108,manacapuru,-3.2997,-60.6206,298.87,91,99,1.92,BR,1710073629
109,lihue,21.9789,-159.3672,294.46,79,20,9.26,US,1710073629
110,whitehorse,60.7161,-135.0538,265.58,73,0,2.06,CA,1710073629
111,male,4.1748,73.5089,304.12,70,20,4.12,MV,1710073629
112,badger,64.8,-147.5333,257.1,67,100,3.09,US,1710073629
113,praya,14.9215,-23.5087,295.63,66,58,7.42,CV,1710073629
114,port elizabeth,-33.918,25.5701,300.43,70,20,5.14,ZA,1710073629
115,stanley,54.868,-1.6985,279.1,95,100,6.11,GB,1710073629
116,utrik,11.2278,169.8474,299.78,79,60,11.15,MH,1710073629
117,uturoa,-16.7333,-151.4333,301.14,78,100,2.34,PF,1710073629
118,camiri,-20.05,-63.5167,297.03,94,100,0.0,BO,1710073629
119,nadym,65.5333,72.5167,250.04,96,50,1.79,RU,1710073629
120,manismata,-2.4667,111.0333,298.3,90,100,1.16,ID,1710073629
121,tura,25.5198,90.2201,294.34,27,0,1.35,IN,1710073629
122,ilhabela,-23.7781,-45.3581,301.19,84,34,1.96,BR,1710073629
123,bubaque,11.2833,-15.8333,299.55,50,33,3.93,GW,1710073629
124,aras-asan,8.8908,126.3033,298.73,79,44,3.93,PH,1710073629
125,baykal'sk,51.5058,104.1469,267.47,87,40,2.68,RU,1710073461
126,port alfred,-33.5906,26.891,299.36,81,28,2.68,ZA,1710073629
127,saldanha,-33.0117,17.9442,301.18,72,3,8.05,ZA,1710073630
128,vilyuchinsk,52.9306,158.4028,271.44,93,100,3.55,RU,1710073630
129,udachny,66.4167,112.4,249.81,97,84,2.27,RU,1710073630
130,cuyamel,15.6667,-88.2,298.71,95,38,2.68,HN,1710073630
131,zhumysker,49.3333,49.4,273.94,57,82,5.11,KZ,1710073630
132,nemuro,43.3236,145.575,271.19,73,62,4.83,JP,1710073630
133,reyes,-14.3167,-67.3833,297.35,98,100,0.51,BO,1710073630
134,palmer,42.1584,-72.3287,279.26,86,100,4.63,US,1710073630
135,otavalo,0.2333,-78.2667,284.27,86,92,2.64,EC,1710073630
136,broken hill,-31.95,141.4333,301.53,28,0,5.52,AU,1710073630
137,novyy urgal,51.0736,132.5642,261.1,97,100,0.52,RU,1710073630
138,carnarvon,-24.8667,113.6333,298.89,68,0,11.05,AU,1710073630
139,sao vicente,-23.9631,-46.3919,302.74,69,75,4.02,BR,1710073630
140,ust-nera,64.5667,143.2,249.44,100,98,0.33,RU,1710073630
141,callao,-12.0667,-77.15,296.88,78,0,4.12,PE,1710073630
142,isafjordur,66.0755,-23.124,272.17,86,0,0.0,IS,1710073630
143,nyurba,63.2842,118.3319,251.47,100,97,1.75,RU,1710073630
144,nouadhibou,20.931,-17.0347,292.91,65,100,5.22,MR,1710073631
145,barra do bugres,-15.0725,-57.1811,301.88,68,37,1.56,BR,1710073416
146,usogorsk,63.4106,48.6872,261.85,84,100,1.45,RU,1710073631
147,college,64.8569,-147.8028,257.14,57,100,3.09,US,1710073631
148,kroya,-7.6331,109.2461,299.38,82,100,0.99,ID,1710073631
149,hithadhoo,-0.6,73.0833,301.87,70,62,5.15,MV,1710073631
150,iqaluit,63.7506,-68.5145,243.0,74,20,0.0,CA,1710073631
151,georgetown,5.4112,100.3354,304.12,64,20,2.57,MY,1710073631
152,new norfolk,-42.7826,147.0587,288.1,99,100,0.6,AU,1710073631
153,tara,56.8944,74.371,268.77,90,100,2.93,RU,1710073631
154,reggane,26.7158,0.1714,300.75,20,0,8.16,DZ,1710073631
155,brisas de zicatela,15.8369,-97.0419,296.34,83,0,1.88,MX,1710073631
156,alvear,-29.0968,-56.5504,300.65,61,48,5.47,AR,1710073631
157,luena,-11.7833,19.9167,298.25,65,75,7.2,AO,1710073631
158,lerwick,60.1545,-1.1494,277.15,73,100,8.81,GB,1710073632
159,sarangpur,23.5667,76.4667,306.04,15,26,4.69,IN,1710073632
160,zeya,53.75,127.2667,259.53,84,24,2.26,RU,1710073632
161,geidam,12.897,11.9304,314.31,8,28,6.45,NG,1710073632
162,waitara,-38.925,174.25,290.65,86,84,4.38,NZ,1710073462
163,boyolangu,-8.1181,111.8935,297.92,90,100,0.37,ID,1710073632
164,seven pagodas,12.6264,80.1722,304.31,60,2,4.49,IN,1710073632
165,santa terezinha,-29.9002,-50.0904,298.51,78,11,4.82,BR,1710073632
166,mount gambier,-37.8333,140.7667,294.0,66,98,2.86,AU,1710073632
167,embi,48.8264,58.1442,269.87,88,100,5.52,KZ,1710073632
168,papatowai,-46.5619,169.4708,289.33,67,100,6.85,NZ,1710073632
169,severo-yeniseyskiy,60.3725,93.0408,266.8,89,100,4.47,RU,1710073632
170,xilin hot,43.9667,116.0333,265.75,89,100,1.95,CN,1710073632
171,haiku-pauwela,20.9219,-156.3051,295.95,80,20,6.69,US,1710073632
172,aki,33.5,133.9,279.12,64,0,1.95,JP,1710073632
173,tulsipur,28.131,82.2973,295.86,37,42,1.86,NP,1710073632
174,lazaro cardenas,17.9583,-102.2,294.0,87,4,1.63,MX,1710073632
175,kununurra,-15.7667,128.7333,300.14,89,100,1.03,AU,1710073633
176,saudarkrokur,65.7461,-19.6394,272.29,82,9,2.93,IS,1710073633
177,palu,-0.8917,119.8707,296.13,98,100,0.75,ID,1710073633
178,trevelin,-43.0858,-71.4639,286.86,87,59,2.03,AR,1710073633
179,orenburg,51.7727,55.0988,265.16,84,99,4.0,RU,1710073633
180,hotan,37.0997,79.9269,286.88,18,41,2.94,CN,1710073633
181,tazovsky,67.4667,78.7,247.21,100,89,2.87,RU,1710073434
182,nili,33.7218,66.1302,278.2,82,100,2.03,AF,1710073633
183,nishinoomote,30.7333,131.0,285.95,61,58,1.66,JP,1710073633
184,queenstown,-31.8976,26.8753,308.87,13,0,2.94,ZA,1710073445
185,chibuto,-24.6867,33.5306,308.37,37,4,6.01,MZ,1710073633
186,san jose del guaviare,2.5729,-72.6459,296.76,95,100,1.22,CO,1710073633
187,nogliki,51.8333,143.1667,263.34,92,97,2.68,RU,1710073633
188,la huacana,18.9667,-101.8167,291.37,75,2,1.1,MX,1710073633
189,arno,60.1167,18.6333,271.92,72,100,4.14,SE,1710073633
190,punta arenas,-53.15,-70.9167,281.21,81,75,7.2,CL,1710073462
191,jatani,20.1667,85.7,303.17,73,20,3.6,IN,1710073633
192,bikenibeu village,1.3673,173.1241,301.13,94,75,3.6,KI,1710073633
193,vacaria,-28.5122,-50.9339,293.91,86,2,1.06,BR,1710073634
194,santa luzia,-19.7697,-43.8514,298.02,86,75,2.06,BR,1710073634
195,dallas,32.7668,-96.7836,280.23,75,40,2.06,US,1710073221
196,petropavlovsk-kamchatsky,53.0452,158.6483,270.62,77,75,5.36,RU,1710073634
197,antsiranana,-12.2787,49.2917,304.57,58,40,6.17,MG,1710073634
198,olonkinbyen,70.9221,-8.7187,273.04,90,70,2.78,SJ,1710073634
199,villa gesell,-37.2639,-56.973,294.85,61,0,3.28,AR,1710073634
200,carutapera,-1.195,-46.02,300.45,89,100,1.14,BR,1710073634
201,cidreira,-30.1811,-50.2056,298.39,79,18,4.37,BR,1710073634
202,iskateley,67.6803,53.1512,254.83,96,83,1.34,RU,1710073634
203,kahramanmaras,38.0,37.0,278.62,49,86,2.66,TR,1710073634
204,essaouira,31.5125,-9.77,290.87,82,75,1.54,MA,1710073634
205,beau vallon,-20.4189,57.6953,302.28,84,40,5.66,MU,1710073634
206,kupang,-10.1667,123.5833,299.47,100,100,3.09,ID,1710073634
207,fort st. john,56.2499,-120.8529,271.09,100,100,3.09,CA,1710073365
208,hargeysa,9.56,44.065,302.63,34,42,3.8,SO,1710073457
209,hasaki,35.7333,140.8333,277.37,46,23,4.24,JP,1710073634
210,at taj,24.2049,23.2857,302.76,11,3,6.3,LY,1710073355
211,gbarnga,6.9956,-9.4722,308.26,45,89,1.07,LR,1710073635
212,urziceni,44.7167,26.6333,287.4,34,87,2.77,RO,1710073635
213,ardakan,32.31,54.0175,292.07,18,32,1.44,IR,1710073635
214,lalibela,12.0333,39.0333,300.19,26,48,2.12,ET,1710073635
215,wagar,16.1525,36.2032,312.32,4,11,5.63,SD,1710073635
216,tutoia,-2.7619,-42.2744,300.94,85,84,1.97,BR,1710073635
217,port saint john's,-31.6229,29.5448,301.75,67,1,3.16,ZA,1710073635
218,bodaybo,57.8506,114.1933,264.63,96,100,1.27,RU,1710073635
219,aromashevo,56.8602,68.6375,269.15,87,100,1.14,RU,1710073635
220,st. john's,47.5649,-52.7093,272.12,89,100,6.69,CA,1710073620
221,minas de marcona,-15.2119,-75.1103,291.07,83,80,4.11,PE,1710073635
222,saint-francois,46.4154,3.9054,284.62,81,75,1.54,FR,1710073635
223,coahuayana de hidalgo,18.7,-103.6583,291.65,56,0,1.97,MX,1710073636
224,abomsa,9.9833,39.9833,300.31,47,95,2.31,ET,1710073636
225,noyemberyan,41.1724,44.9992,280.61,57,95,2.46,AM,1710073636
226,peniche,39.3558,-9.3811,288.67,75,11,9.63,PT,1710073636
227,bondo,3.8146,23.6866,312.92,22,62,1.27,CD,1710073636
228,obo,5.3998,26.4869,314.72,12,10,1.87,CF,1710073636
229,mersing,2.4312,103.8405,301.1,78,20,5.66,MY,1710073636
230,fort-shevchenko,44.5086,50.263,276.43,64,14,3.61,KZ,1710073636
231,qarazhal,48.0078,70.7903,272.98,86,96,5.44,KZ,1710073636
232,radymno,49.9472,22.8238,284.76,47,94,5.33,PL,1710073637
233,necochea,-38.5473,-58.7368,291.71,40,2,5.9,AR,1710073637
234,princeville,45.7668,-61.2985,272.34,86,100,7.72,CA,1710073637
235,miranda,3.2499,-76.2281,294.49,89,83,1.2,CO,1710073637
236,lata,40.1629,-8.3327,288.05,80,61,6.64,PT,1710073637
237,san antonio de pale,-1.4014,5.6325,301.87,73,97,1.28,GQ,1710073637
238,beyneu,45.3167,55.2,279.98,43,77,7.04,KZ,1710073637
239,zhaodong,46.0833,125.9833,266.89,92,100,2.0,CN,1710073637
240,shenjiamen,29.9576,122.298,281.47,83,0,4.44,CN,1710073637
241,rovnoye,50.7765,46.0509,270.3,70,74,3.12,RU,1710073637
242,chifeng,42.2683,118.9636,277.51,33,100,2.37,CN,1710073637
243,buala,-8.145,159.5921,300.8,86,87,2.15,SB,1710073637
244,adam,22.3756,57.5233,302.99,41,49,3.03,OM,1710073637
245,cabo san lucas,22.8909,-109.9124,292.88,78,100,1.42,MX,1710073307
246,santarem,-2.4431,-54.7083,301.22,83,75,2.57,BR,1710073637
247,sitka,57.0531,-135.33,278.09,60,75,7.2,US,1710073637
248,lobujya,27.95,86.8167,263.67,65,31,1.89,NP,1710073637
249,chabahar,25.2919,60.643,295.83,76,86,3.82,IR,1710073638
250,la'ie,21.6477,-157.9253,295.43,74,100,3.58,US,1710073638
251,kingston,17.997,-76.7936,298.68,83,20,4.12,JM,1710073638
252,anadyr,64.75,177.4833,248.43,83,0,3.0,RU,1710073638
253,burang,30.25,81.1667,268.32,78,23,2.12,CN,1710073638
254,pasuquin,18.3328,120.6177,300.12,57,40,2.06,PH,1710073638
255,xining,36.6167,101.7667,276.73,22,16,6.14,CN,1710073638
256,lensk,60.7253,114.9278,260.94,97,100,1.7,RU,1710073638
257,montrose,38.4166,-108.2673,265.67,61,11,0.94,US,1710073638
258,naberezhnyye chelny,55.7561,52.4289,268.18,86,100,2.91,RU,1710073511
259,cavelossim,15.1726,73.9419,302.14,56,1,3.47,IN,1710073638
260,hermanus,-34.4187,19.2345,298.6,61,0,5.43,ZA,1710073638
261,saint croix,17.7397,-64.7388,299.4,78,0,3.09,VI,1710073638
262,chaibasa,22.5667,85.8167,304.64,19,1,1.77,IN,1710073639
263,smolensk,55.0,33.0,270.86,67,91,3.74,RU,1710073639
264,garoua boulai,5.8833,14.55,308.19,23,56,1.5,CM,1710073639
265,padang,-0.9492,100.3543,302.18,87,100,0.18,ID,1710073639
266,greenville,35.6127,-77.3663,285.24,81,0,3.09,US,1710073374
267,riviere-du-loup,47.8304,-69.5342,272.64,93,100,1.03,CA,1710073584
268,revda,56.801,59.9303,268.79,81,100,2.7,RU,1710073639
269,cartagena del chaira,1.3349,-74.8429,295.69,99,100,0.89,CO,1710073639
270,colesberg,-30.72,25.0972,306.88,8,0,2.95,ZA,1710073639
271,quellon,-43.1167,-73.6167,285.32,88,100,3.45,CL,1710073639
272,cheremshan,54.6667,51.5,268.0,86,100,2.68,RU,1710073639
273,palangkaraya,-2.2,113.8333,297.05,94,100,1.11,ID,1710073639
274,pedernales,18.0384,-71.744,299.36,64,0,0.53,DO,1710073639
275,olyokminsk,60.3736,120.4264,256.23,98,100,0.9,RU,1710073639
276,taroa,8.7058,171.2275,300.23,84,99,11.08,MH,1710073639
277,nicoya,10.1483,-85.452,296.69,83,7,0.81,CR,1710073639
278,raja,8.4596,25.678,313.56,8,4,2.83,SS,1710073639
279,itoman,26.1247,127.6694,290.58,59,20,3.6,JP,1710073640
280,betio village,1.358,172.9211,301.17,85,96,7.61,KI,1710073640
281,nuku'alofa,-21.1333,-175.2,298.34,100,100,0.51,TO,1710073640
282,alofi,-19.0595,-169.9187,300.09,89,20,2.06,NU,1710073640
283,aykhal,66.0,111.5,253.05,97,91,3.04,RU,1710073640
284,santana do livramento,-30.8908,-55.5328,297.12,74,31,4.08,BR,1710073627
285,mikhaylovskoye,51.8239,79.7172,275.04,79,100,6.33,RU,1710073640
286,markovo,57.3206,107.0881,264.43,95,96,2.17,RU,1710073640
287,zhaoqing,23.0512,112.4597,288.61,93,100,1.47,CN,1710073640
288,stephenville,32.2207,-98.2023,278.02,87,0,0.0,US,1710073640
289,sinabang,2.4803,96.3801,301.42,72,38,1.55,ID,1710073640
290,lagunas,-5.2269,-75.6753,296.37,98,100,0.36,PE,1710073640
291,dudinka,69.4058,86.1778,252.41,98,100,3.13,RU,1710073640
292,chiang saen,20.2751,100.0869,304.28,25,5,0.66,TH,1710073640
293,porto novo,6.4965,2.6036,306.89,52,100,3.81,BJ,1710073476
294,bonthe,7.5264,-12.505,304.81,64,48,3.82,SL,1710073640
295,urangan,-25.3,152.9,296.59,78,22,2.68,AU,1710073641
296,da nang,16.0678,108.2208,296.14,88,20,3.09,VN,1710073641
297,dabola,10.75,-11.1167,310.41,13,30,2.83,GN,1710073641
298,san patricio,28.017,-97.5169,289.07,70,91,3.15,US,1710073641
299,tobelo,1.7284,128.0095,300.11,81,78,3.63,ID,1710073641
300,hilo,19.7297,-155.09,294.87,85,75,0.89,US,1710073619
301,fort bragg,35.139,-79.006,284.06,73,0,4.63,US,1710073641
302,tazacorte,28.629,-17.9293,294.69,76,20,4.12,ES,1710073641
303,santo domingo de los colorados,-0.25,-79.15,294.71,97,96,0.75,EC,1710073641
304,colonia,50.9333,6.95,289.73,47,0,3.6,DE,1710073574
305,acapulco de juarez,16.8634,-99.8901,296.05,83,0,1.54,MX,1710073641
306,antofagasta,-23.65,-70.4,293.75,73,60,1.23,CL,1710073641
307,cide,41.8921,33.0044,281.53,66,30,1.96,TR,1710073641
308,enewetak,11.3474,162.3373,299.6,78,72,9.73,MH,1710073641
309,daura,11.5538,11.4085,313.51,11,58,1.69,NG,1710073641
310,khandyga,62.6667,135.6,244.48,100,90,0.75,RU,1710073641
311,bandar lampung,-5.4254,105.258,298.43,89,96,0.56,ID,1710073642
312,los alcazares,37.7443,-0.8504,292.46,52,20,7.2,ES,1710073642
313,sandnessjoen,66.0217,12.6316,279.21,52,0,2.06,NO,1710073642
314,pandan,14.0453,124.1694,298.45,86,98,9.18,PH,1710073642
315,ghat,24.9647,10.1728,301.65,6,1,0.77,LY,1710073642
316,vokhtoga,58.8147,41.0461,269.05,87,100,2.88,RU,1710073642
317,basco,20.4487,121.9702,295.54,70,82,10.78,PH,1710073642
318,hengchun,22.0042,120.7439,294.3,73,63,10.62,TW,1710073642
319,myitkyina,25.3833,97.4,296.96,27,1,0.34,MM,1710073642
320,cabedelo,-6.9811,-34.8339,304.52,72,45,5.47,BR,1710073642
321,andkhoy,36.9529,65.1238,292.2,44,44,5.34,AF,1710073642
322,bousso,10.4795,16.7117,315.66,6,54,3.18,TD,1710073642
323,lucea,18.451,-78.1736,299.07,85,3,1.12,JM,1710073643
324,inari,68.906,27.0288,277.26,90,98,4.94,FI,1710073643
325,nova vicosa,-17.8919,-39.3719,302.11,70,74,3.23,BR,1710073643
326,kyshtovka,56.555,76.6271,270.56,95,100,4.02,RU,1710073643
327,ga-kgapane,-23.6333,30.2167,308.88,23,6,3.46,ZA,1710073643
328,rimouski,48.4488,-68.524,274.25,68,100,4.6,CA,1710073643
329,happy valley-goose bay,53.3168,-60.3315,268.32,58,75,1.03,CA,1710073643
330,trosa,58.8962,17.5481,273.38,67,97,5.87,SE,1710073643
331,remire-montjoly,4.9167,-52.2667,300.17,89,0,0.0,GF,1710073643
332,de queen,34.0379,-94.3413,273.22,100,0,0.0,US,1710073600
333,aswan,24.0934,32.907,308.77,8,79,5.69,EG,1710073643
334,freetown,8.484,-13.2299,302.99,70,20,5.14,SL,1710073643
335,brookings,44.3114,-96.7984,269.92,56,0,5.14,US,1710073643
336,biguglia,42.6259,9.4332,288.96,65,0,1.54,FR,1710073643
337,usinsk,65.9939,57.5281,252.63,85,93,1.79,RU,1710073643
338,robertsport,6.7533,-11.3686,301.99,75,92,3.67,LR,1710073644
339,verkhnyaya sinyachikha,57.976,61.6673,269.05,84,100,1.35,RU,1710073644
340,el hadjira,32.6134,5.5126,295.07,31,1,4.46,DZ,1710073645
341,vanino,49.0869,140.2543,263.66,96,79,2.06,RU,1710073645
342,arkhangel'sk,64.5401,40.5433,270.21,92,100,3.0,RU,1710073606
343,susuman,62.7833,148.1667,245.92,99,45,1.34,RU,1710073645
344,katsuren-haebaru,26.3369,127.8719,290.58,64,20,3.09,JP,1710073645
345,cobija,-11.0267,-68.7692,299.25,94,75,0.0,BO,1710073645
346,santa cruz,-17.8,-63.1667,300.18,78,75,6.17,BO,1710073645
347,yarmouth,41.7057,-70.2286,283.69,97,100,7.2,US,1710073645
348,greymouth,-42.4667,171.2,283.97,90,99,1.23,NZ,1710073645
349,pisco,-13.7,-76.2167,295.18,78,100,1.03,PE,1710073645
350,puerto leguizamo,-0.1934,-74.7819,295.77,99,100,0.37,CO,1710073645
351,prainha,-1.8,-53.48,298.21,95,100,1.2,BR,1710073645
352,twon-brass,4.3151,6.2418,302.65,74,99,3.53,NG,1710073645
353,leh,34.1667,77.5833,265.45,75,96,0.16,IN,1710073562
354,laojunmiao,39.8333,97.7333,275.47,20,0,3.35,CN,1710073646
355,ocos,14.5094,-92.1933,297.25,81,0,3.2,GT,1710073646
356,northam,51.0333,-4.2167,284.07,85,91,0.91,GB,1710073646
357,mili,6.0815,171.735,300.95,83,87,11.3,MH,1710073646
358,riberalta,-10.9833,-66.1,299.26,94,75,0.0,BO,1710073646
359,bangassou,4.7413,22.8184,315.72,15,14,0.92,CF,1710073646
360,tulum,20.2167,-87.4667,296.52,95,35,0.64,MX,1710073528
361,noshiro,40.2039,140.0242,275.87,56,100,5.9,JP,1710073646
362,broome,42.2506,-75.833,276.36,93,100,4.12,US,1710073646
363,mont-dore,-22.2833,166.5833,299.26,99,94,7.37,NC,1710073646
364,souillac,-20.5167,57.5167,302.36,84,40,5.66,MU,1710073646
365,yangquan,37.8575,113.5633,282.36,39,100,5.05,CN,1710073646
366,chernyshevskiy,63.0128,112.4714,258.24,98,100,1.46,RU,1710073646
367,lansdowne,39.9382,-75.2719,281.14,83,75,6.17,US,1710073646
368,ancud,-41.8697,-73.8203,285.13,87,100,2.64,CL,1710073646
369,katsuura,35.1333,140.3,280.99,58,49,1.79,JP,1710073646
370,sinop,41.7711,34.8709,278.39,84,94,2.66,TR,1710073647
371,tchibanga,-2.85,11.0333,305.93,55,74,1.79,GA,1710073647
372,itacare,-14.2775,-38.9967,302.71,65,80,0.6,BR,1710073647
373,la joya,18.6667,-99.4667,290.03,21,1,1.74,MX,1710073647
374,road town,18.4167,-64.6167,300.2,74,20,2.57,VG,1710073647
375,austintown,41.1017,-80.7645,274.02,78,100,5.66,US,1710073647
376,kurmuk,10.55,34.2833,313.45,8,3,2.86,SD,1710073647
377,invercargill,-46.4,168.35,289.83,74,99,4.47,NZ,1710073647
378,mahibadhoo,3.7833,72.9667,301.68,71,49,4.69,MV,1710073647
379,harstad,68.799,16.5293,275.71,97,59,3.13,NO,1710073647
380,uzgen,40.7699,73.3007,283.31,63,100,1.86,KG,1710073647
381,ayacucho,-13.1583,-74.2239,288.07,77,100,1.03,PE,1710073647
382,ishigaki,24.3448,124.1572,293.22,68,75,6.69,JP,1710073648
383,constitucion,-35.3333,-72.4167,287.78,60,80,1.4,CL,1710073648
384,golfito,8.639,-83.166,296.37,92,47,1.49,CR,1710073648
385,vangaindrano,-23.35,47.6,300.22,80,97,3.88,MG,1710073648
386,bonny,4.4522,7.1681,303.6,67,96,3.39,NG,1710073648
387,peace river,56.2501,-117.286,270.32,93,20,2.57,CA,1710073566
388,itigi,-5.7,34.4833,297.6,80,45,2.65,TZ,1710073648
389,al jawf,29.5,38.75,295.82,16,1,2.26,SA,1710073648
390,naze,28.3667,129.4833,282.66,58,7,2.59,JP,1710073648
391,gaspe,48.8334,-64.4819,272.1,93,75,6.17,CA,1710073648
392,mermoz boabab,14.7065,-17.4758,301.46,73,0,8.23,SN,1710073648
393,prince rupert,54.3161,-130.3201,277.98,100,100,4.12,CA,1710073648
394,constantia,44.1833,28.65,287.53,66,63,7.35,RO,1710073649
395,kuanda,56.3161,116.0806,260.86,89,94,0.66,RU,1710073649
396,luau,-10.7073,22.2247,296.49,77,98,0.89,AO,1710073649
397,saurimo,-9.6608,20.3916,299.95,67,96,1.88,AO,1710073649
398,bardai,11.65,7.2333,310.92,8,82,4.29,NG,1710073649
399,dole,47.0833,5.5,281.75,87,100,3.6,FR,1710073649
400,bafra,41.5678,35.9069,281.6,68,83,3.15,TR,1710073649
401,tynda,55.1667,124.7167,254.16,92,72,1.33,RU,1710073649
402,korhogo,9.45,-5.6333,313.58,25,95,0.49,CI,1710073649
403,zhengjiatun,43.5064,123.5064,275.73,48,80,2.34,CN,1710073649
404,talcahuano,-36.7167,-73.1167,285.97,76,0,2.06,CL,1710073549
405,yurty,56.0498,97.6348,270.15,93,69,2.14,RU,1710073649
406,walvis bay,-22.9575,14.5053,293.76,65,67,4.96,NA,1710073649
407,cacule,-14.5033,-42.2222,299.89,66,69,2.07,BR,1710073649
408,arawa,-6.2132,155.5367,299.47,91,100,1.17,PG,1710073649
409,kiunga,-6.1219,141.2906,297.99,99,100,1.32,PG,1710073649
410,sujiatun,41.6592,123.3392,278.25,52,75,2.0,CN,1710073650
411,puerto deseado,-47.7503,-65.8938,287.59,50,38,10.83,AR,1710073650
412,kovalam,8.3667,76.9967,305.2,62,20,2.57,IN,1710073650
413,afaahiti,-17.75,-149.2833,298.08,86,100,5.31,PF,1710073650
414,mkushi,-13.6202,29.3939,300.04,59,80,2.01,ZM,1710073650
415,arilje,43.7531,20.0956,291.35,34,82,4.65,RS,1710073650
416,mobaye,4.319,21.1786,314.67,17,49,1.87,CF,1710073650
417,alta,69.9689,23.2717,276.74,80,75,6.17,NO,1710073581
418,gao,16.6362,1.637,311.62,6,65,5.05,ML,1710073650
419,krutinka,56.0055,71.5113,266.57,91,100,2.68,RU,1710073650
420,andirin,37.5776,36.3549,282.94,45,34,0.94,TR,1710073650
421,veinticinco de mayo,-35.4323,-60.1727,294.25,80,0,3.13,AR,1710073650
422,mossel bay,-34.1831,22.146,296.11,72,0,3.58,ZA,1710073650
423,genhe,50.7833,121.5167,258.35,99,92,1.0,CN,1710073650
424,"laikit, laikit ii (dimembe)",1.4792,124.9735,295.62,94,20,0.51,ID,1710073651
425,holualoa,19.6228,-155.9522,295.06,95,100,5.66,US,1710073651
426,ta`u,-14.2336,-169.5144,301.36,81,99,4.27,AS,1710073651
427,glubokoye,50.1456,82.3114,277.01,70,75,5.0,KZ,1710073651
428,guanica,17.9716,-66.908,300.36,58,13,1.92,PR,1710073651
429,flying fish cove,-10.4217,105.6791,297.97,100,100,4.63,CX,1710073651
430,magadan,59.5667,150.8,265.67,91,100,4.53,RU,1710073651
431,aioun,16.6614,-9.6149,306.44,9,70,7.22,MR,1710073651
432,black mountain,35.6179,-82.3212,277.51,73,57,4.92,US,1710073651
433,znamenskoye,57.1281,73.8282,268.11,90,100,2.46,RU,1710073651
434,newman,37.3138,-121.0208,282.2,91,100,1.55,US,1710073603
435,weligama,5.9667,80.4167,300.97,63,5,2.02,LK,1710073651
436,ibshaway,29.358,30.6814,296.63,23,0,6.55,EG,1710073651
437,dryden,49.7833,-92.7503,263.31,73,20,1.54,CA,1710073651
438,lahad datu,5.0268,118.327,298.09,88,80,2.52,MY,1710073652
439,isangel,-19.55,169.2667,299.57,90,92,8.14,VU,1710073652
440,kittila,67.6647,24.8936,278.23,56,40,4.63,FI,1710073652
441,poronaysk,49.2167,143.1167,256.77,95,48,1.88,RU,1710073652
442,crane,31.3974,-102.3501,280.26,51,100,2.28,US,1710073652
443,fonyod,46.7555,17.5795,290.25,58,100,7.93,HU,1710073652
444,key largo,25.0865,-80.4473,298.7,71,79,5.48,US,1710073407
445,borogontsy,62.6683,131.1683,245.07,100,93,0.67,RU,1710073652
446,luderitz,-26.6481,15.1594,297.77,58,8,4.77,NA,1710073652
447,hadibu,12.65,54.0333,301.17,70,41,1.67,YE,1710073652
448,wuhai,39.6647,106.8122,280.46,26,44,2.76,CN,1710073652
449,sungailiat,-1.85,106.1333,299.66,88,100,3.58,ID,1710073652
450,codrington,-38.2667,141.9667,292.74,80,99,2.27,AU,1710073653
451,makubetsu,45.3714,141.8211,273.05,65,95,4.92,JP,1710073653
452,marck,50.949,1.9433,283.69,74,100,3.72,FR,1710073653
453,lockwood,45.8191,-108.4149,278.09,35,0,4.12,US,1710073653
454,markaz-e woluswali-ye achin,34.1258,70.7078,291.46,30,99,0.85,AF,1710073653
455,placer,39.0666,-120.7677,278.06,88,100,0.45,US,1710073653
456,yulinshi,38.2906,109.7494,279.52,41,70,4.13,CN,1710073653
457,ladario,-19.0047,-57.6017,303.31,74,0,1.03,BR,1710073653
458,mangrol,21.1167,70.1167,300.2,42,36,7.62,IN,1710073653
459,sitangkai,4.6628,119.3928,301.18,74,96,4.21,PH,1710073653
460,alice springs,-23.7,133.8833,302.9,61,75,4.12,AU,1710073653
461,salalah,17.0151,54.0924,303.2,70,40,7.2,OM,1710073653
462,barcelos,41.5388,-8.6151,284.73,86,88,6.66,PT,1710073653
463,heyuan,23.7333,114.6833,287.63,97,100,1.05,CN,1710073654
464,chos malal,-37.3781,-70.2709,290.67,22,39,2.26,AR,1710073654
465,puerto baquerizo moreno,-0.9,-89.6,299.16,83,12,3.38,EC,1710073654
466,palikir - national government center,6.9248,158.1611,300.17,78,96,10.67,FM,1710073654
467,brokopondo,4.75,-55.1667,299.44,77,68,3.13,SR,1710073654
468,plettenberg bay,-34.0527,23.3716,295.81,66,4,3.4,ZA,1710073654
469,tres isletas,-26.3407,-60.4321,298.51,92,100,2.96,AR,1710073654
470,uglegorsk,49.0833,142.0333,264.59,82,45,2.78,RU,1710073654
471,feijo,-8.1642,-70.3536,297.02,93,100,0.61,BR,1710073654
472,el calafate,-50.3408,-72.2768,279.34,86,98,3.81,AR,1710073654
473,buga,3.9009,-76.2978,294.99,90,98,0.67,CO,1710073654
474,kismayo,-0.3582,42.5454,303.81,60,1,6.86,SO,1710073654
475,multan,30.1956,71.4753,297.09,38,75,4.12,PK,1710073466
476,tsengel,49.4783,100.8894,260.75,84,2,2.55,MN,1710073654
477,pimenta bueno,-11.6725,-61.1936,299.15,86,85,0.62,BR,1710073510
478,turtas,58.9417,69.1325,262.43,91,100,2.19,RU,1710073654
479,altamira,-3.2033,-52.2064,300.2,89,100,1.03,BR,1710073654
480,tofol,5.3248,163.0078,300.99,78,100,9.97,FM,1710073654
481,bima,-8.4667,118.7167,298.47,95,100,2.47,ID,1710073655
482,daru,-9.0763,143.2092,300.43,86,100,2.56,PG,1710073655
483,veselyy,47.0934,40.7422,280.24,49,92,5.27,RU,1710073655
484,amursk,50.2261,136.8994,257.38,98,100,1.53,RU,1710073655
485,jolo,6.05,121.0167,298.92,82,100,1.65,PH,1710073655
486,vila franca do campo,37.7167,-25.4333,291.42,99,87,2.9,PT,1710073655
487,huarmey,-10.0681,-78.1522,295.89,83,83,3.42,PE,1710073655
488,truth or consequences,33.1284,-107.2528,276.28,69,0,2.06,US,1710073655
489,gisborne,-38.6533,178.0042,285.79,88,81,3.65,NZ,1710073655
490,virginia,37.5481,-77.4467,281.58,87,0,4.12,US,1710073655
491,tame,6.461,-71.73,300.74,51,79,1.04,CO,1710073655
492,kuta,-8.7233,115.1723,300.12,88,75,10.29,ID,1710073655
493,yelizovo,53.1873,158.3805,271.37,74,75,4.02,RU,1710073462
494,morozovsk,48.3539,41.8261,274.34,72,79,1.69,RU,1710073655
495,marsabit,2.3284,37.9899,302.49,32,18,6.28,KE,1710073655
496,kapa'a,22.0752,-159.319,294.87,78,20,9.26,US,1710073655
497,obala,4.1667,11.5333,309.63,36,95,0.46,CM,1710073656
498,banda aceh,5.5577,95.3222,300.62,79,94,4.2,ID,1710073656
499,samara,53.0,50.0,269.59,84,96,3.03,RU,1710073656
500,laguna,38.421,-121.4238,283.23,90,100,2.57,US,1710073656
501,jackson,42.4165,-122.8345,280.08,77,100,0.0,US,1710073414
502,sao martinho,39.5144,-9.1311,289.2,67,19,6.71,PT,1710073656
503,jesus maria,-30.9815,-64.0942,300.65,92,91,1.88,AR,1710073657
504,varna,43.2167,27.9167,284.23,62,40,7.72,BG,1710073657
505,chegdomyn,51.1167,133.0167,260.39,97,100,0.98,RU,1710073657
506,majene,-3.5403,118.9707,298.22,87,100,3.47,ID,1710073657
507,san luis,-33.295,-66.3356,295.96,79,38,2.66,AR,1710073425
508,saint-philippe,-21.3585,55.7679,301.92,77,23,6.69,RE,1710073657
509,ust-tsilma,65.441,52.1498,256.27,91,100,0.89,RU,1710073657
510,khairagarh,26.95,77.8167,300.2,15,10,2.62,IN,1710073657
511,lammi,61.0833,25.0167,276.28,86,100,1.92,FI,1710073657
512,malango,-2.9627,119.9001,293.59,98,100,1.06,ID,1710073657
513,motueka,-41.1333,173.0167,286.37,50,100,3.14,NZ,1710073658
514,sen monorom,12.45,107.2,298.45,56,92,3.09,KH,1710073658
515,shajapur,23.4333,76.2667,305.48,15,25,6.18,IN,1710073658
516,rio grande,-32.035,-52.0986,298.21,74,2,4.94,BR,1710073658
517,petauke,-14.2426,31.3253,300.7,59,44,2.51,ZM,1710073658
518,yuzhno-kurilsk,44.0306,145.8556,269.47,59,62,3.54,RU,1710073658
519,port hedland,-20.3167,118.5667,303.18,79,69,3.6,AU,1710073658
520,kolonia,50.9333,6.95,289.73,47,0,3.6,DE,1710073658
521,arica,-18.475,-70.3042,295.9,68,100,0.51,CL,1710073515
522,shingu,33.7333,135.9833,276.36,62,0,3.0,JP,1710073658
523,el nido,11.1858,119.3956,299.5,80,62,3.86,PH,1710073658
524,fuling,29.7022,107.3919,284.76,79,100,0.52,CN,1710073658
525,zaxo,37.1482,42.7001,286.01,60,25,1.78,IQ,1710073658
526,edd,13.9297,41.6925,302.22,58,49,5.46,ER,1710073658
527,vavatenina,-17.4667,49.2,303.92,46,94,2.98,MG,1710073659
528,salmon arm,50.6998,-119.3024,276.17,86,89,1.03,CA,1710073659
529,tejen,37.3834,60.5054,292.04,44,35,2.85,TM,1710073659
530,cova figueira,14.8905,-24.2934,292.79,72,46,6.86,CV,1710073659
531,tsiombe,-25.3,45.4833,305.98,52,92,3.57,MG,1710073659
532,sept-iles,50.2001,-66.3821,272.39,89,100,7.2,CA,1710073534
533,tezu,27.9167,96.1667,294.41,45,0,1.63,IN,1710073659
534,sungai penuh,-2.0833,101.3833,292.61,98,92,0.53,ID,1710073659
535,guerrero negro,27.9769,-114.0611,287.75,58,0,2.75,MX,1710073632
536,fortuna,40.5982,-124.1573,284.46,72,100,10.29,US,1710073659
537,kutum,14.2,24.6667,306.77,6,58,3.96,SD,1710073659
538,basni,27.1667,73.65,302.17,17,83,3.72,IN,1710073660
539,kavaratti,10.5669,72.642,301.73,65,19,2.48,IN,1710073660
540,churapcha,62.0025,132.4325,249.11,100,100,1.42,RU,1710073660
541,volodarskiy,46.4013,48.5409,279.12,36,49,4.12,RU,1710073660
542,coxen hole,16.3244,-86.5366,299.75,83,40,2.57,HN,1710073660
543,trairi,-3.2778,-39.2689,301.29,81,77,2.05,BR,1710073458
544,kampong thom,12.7111,104.8887,306.32,37,99,0.9,KH,1710073660
545,zharkent,44.1628,80.0,283.14,40,82,2.12,KZ,1710073660
546,sisimiut,66.9395,-53.6735,252.85,82,21,4.24,GL,1710073660
547,la ronge,55.1001,-105.2842,270.29,80,75,4.63,CA,1710073660
548,posto fiscal rolim de moura,-13.0833,-62.2667,300.75,75,91,1.0,BR,1710073660
549,tidjikja,18.5564,-11.4271,300.97,11,95,7.08,MR,1710073660
550,forster,-32.1667,152.5167,292.8,95,6,2.95,AU,1710073660
551,dunedin,-45.8742,170.5036,290.68,49,100,1.68,NZ,1710073660
552,floro,61.5996,5.0328,279.13,42,0,5.14,NO,1710073661
553,oliver,49.1831,-119.5524,278.95,70,96,4.63,CA,1710073661
554,am timan,11.0297,20.2827,313.98,5,16,3.56,TD,1710073661
555,la asuncion,11.0333,-63.8628,299.0,94,66,7.2,VE,1710073661
556,amga,60.8953,131.9608,255.29,100,99,1.23,RU,1710073661
557,new plymouth,-39.0667,174.0833,290.27,78,84,3.94,NZ,1710073661
558,bargaal,11.2864,51.0773,302.68,60,63,4.7,SO,1710073661
559,rabigh,22.7986,39.0349,300.8,46,9,5.26,SA,1710073661
560,zimovniki,47.1483,42.4633,278.49,56,95,4.87,RU,1710073661
561,san ignacio de velasco,-16.3667,-60.95,300.0,73,96,2.75,BO,1710073661
562,severnoye,56.3491,78.3619,270.36,96,100,3.58,RU,1710073661
563,sabha,27.0377,14.4283,300.84,14,0,4.56,LY,1710073661
564,mata-utu,-13.2816,-176.1745,302.48,75,81,4.98,WF,1710073661
